{"cameraMode":{"drawMode":0,"name":"Shaded","section":"Shading Mode"},"sceneLighting":false,"audioPlay":false,"sceneViewState":{"showFog":true,"showMaterialUpdate":false,"showSkybox":true,"showFlares":true,"showImageEffects":true,"showParticleSystems":true},"in2DMode":false,"pivot":{"x":1.3200000524520875,"y":0.75,"z":3.3299999237060549},"rotation":{"x":-0.06014594808220863,"y":0.822924017906189,"z":-0.557951033115387,"w":-0.08870857208967209},"size":2.8578836917877199,"orthographic":false}